"","rph_id","region","sexo","edad","c2","c3","c4","c5","c6","c7","c8","c9","c10","c11","c12","c13","c14","c15","c16","c17","c18","c19","c20","c21","c22","c23","c24","c25","d1","d2","d3","d4","d5","d6","d7","d8","d9","d10","d11","d12","d13","d14","d15","d16","d17","d18","d19","d20","d21","d22","d23","d24","d25","d26","d27","d28","d29","d30","d31","d32","d33","d34","d35","d36","d37","d38","d39","d40","d41","d42","d43","d44","d45","d46","d47","fa1","fa2","fa3","fa4","fa5","fa6","fa7","fa8","fa9","fa10","fa11","fa12"
"9",1591,"13","2",21,2,1,1,1,1,1,1,1,1,1,1,1,1,1,1,1,1,1,1,1,1,1,1,1,1,1,1,1,1,1,1,1,1,1,1,1,1,1,1,1,1,1,1,1,1,1,1,1,1,1,1,1,1,1,1,1,1,1,1,1,1,1,1,1,1,1,1,1,1,1,1,3,3,3,3,3,3,3,3,3,3,3,3
"18",1689,"13","2",44,2,1,1,1,1,1,1,1,1,1,1,1,2,1,1,1,1,2,1,1,1,2,1,1,1,1,1,1,1,1,1,1,1,1,1,1,1,1,2,1,1,1,1,2,2,1,1,2,1,1,1,1,1,1,1,1,1,1,1,1,1,1,1,1,1,1,1,1,1,1,1,1,1,1,1,1,1,1,3,3,3,1,1
"31",1770,"13","2",20,3,1,1,2,1,1,2,1,1,1,1,1,1,1,1,1,1,2,4,1,1,4,1,2,1,1,1,1,1,1,1,1,1,1,1,1,1,1,1,1,1,1,3,3,2,1,1,1,3,1,2,3,1,4,3,1,1,2,1,1,1,1,2,1,1,1,1,1,5,1,1,2,3,2,1,5,1,2,4,3,5,1,2
"37",1804,"13","1",36,3,1,1,1,1,1,1,1,1,1,1,1,1,1,1,1,1,2,2,1,1,1,1,1,1,1,1,1,1,1,1,1,1,1,1,1,1,1,3,3,1,1,1,1,1,1,1,1,2,1,1,1,1,2,2,1,1,2,2,2,1,1,1,1,1,1,1,1,1,1,1,1,1,1,1,1,1,1,1,1,1,1,1
"70",2198,"13","2",18,1,1,1,1,1,1,1,1,1,1,1,1,1,1,1,1,1,2,2,1,1,1,1,1,1,1,1,1,1,1,1,1,2,1,1,1,1,1,1,1,1,1,2,1,2,1,1,2,1,1,1,1,2,1,2,1,1,1,1,1,1,1,1,1,3,1,3,1,1,1,1,2,1,1,1,3,1,1,1,1,2,1,1
"97",2425,"13","1",22,1,1,1,1,1,1,1,1,1,1,1,1,2,1,1,1,1,1,2,1,1,1,1,1,1,1,1,1,1,1,1,1,1,1,1,1,1,1,1,1,1,1,1,3,1,1,1,1,2,1,1,1,1,1,1,1,1,1,1,1,1,1,1,1,1,1,1,1,1,1,1,2,1,1,3,2,2,1,1,1,1,1,1
"112",6549,"13","1",25,2,1,1,1,1,1,1,1,1,1,1,1,1,1,1,1,1,1,2,1,1,1,1,1,1,1,1,1,1,1,1,1,1,1,1,1,1,1,1,1,1,1,1,1,1,1,1,1,1,1,1,1,1,1,1,1,1,1,1,1,1,1,1,1,1,1,2,2,1,1,1,2,1,1,1,1,1,1,1,1,2,1,2
"141",2672,"9","2",21,1,1,1,1,1,1,1,1,1,1,1,1,1,1,1,1,1,2,2,3,1,2,1,1,1,1,1,1,1,1,1,1,1,1,1,1,1,1,1,1,1,1,2,1,1,1,1,2,2,3,1,2,1,2,2,1,1,1,1,1,1,1,1,1,1,1,1,1,1,1,1,3,3,3,3,3,3,3,3,3,3,3,3
"195",3138,"13","2",24,1,1,1,1,1,1,1,1,1,1,1,1,4,1,3,1,3,1,1,4,3,3,2,2,1,1,3,2,3,3,2,1,1,1,1,1,1,1,1,1,1,1,4,4,2,1,1,4,4,4,1,1,1,4,3,4,1,1,1,4,3,4,1,2,3,1,1,1,3,2,2,5,3,2,3,4,1,3,1,1,5,3,2
"228",3358,"13","2",25,2,1,1,1,1,1,1,1,1,1,1,1,1,1,3,1,1,1,3,1,1,4,1,1,2,1,1,1,1,1,1,1,1,1,1,1,1,1,2,1,1,1,4,1,4,3,1,1,4,1,3,2,1,3,2,1,1,1,1,1,3,1,1,1,1,1,1,1,1,1,1,3,1,1,1,1,1,5,4,1,3,3,3
"237",8012,"6","1",33,1,2,1,3,1,1,1,1,1,1,1,1,2,2,1,3,1,1,2,1,2,3,1,1,1,1,1,1,1,2,1,1,1,1,1,1,1,1,1,1,1,1,1,2,2,2,2,1,2,1,2,1,1,2,2,2,1,3,2,2,1,1,1,1,5,3,1,1,1,1,1,4,2,3,2,2,1,2,4,2,5,2,1
"255",3530,"13","1",45,4,1,1,1,1,1,1,1,1,1,1,1,1,1,1,1,1,1,1,1,1,1,1,1,1,1,1,1,1,1,1,1,1,1,1,1,1,1,1,1,1,1,2,2,2,2,2,1,1,1,1,1,1,1,1,1,1,1,1,1,1,1,2,1,1,1,1,2,1,1,2,5,2,1,1,5,1,1,1,1,1,1,1
"281",3805,"8","2",20,1,1,1,1,1,1,1,1,1,1,1,1,1,1,1,1,1,1,1,1,1,1,1,1,1,2,1,1,2,1,1,1,1,1,1,1,1,1,1,1,2,1,2,1,2,1,1,1,4,1,1,1,1,1,1,1,1,2,1,1,1,1,1,1,1,1,1,1,1,1,1,4,1,1,1,1,1,1,1,1,1,1,1
"309",3940,"13","1",19,5,1,4,2,2,1,1,1,1,4,4,4,1,1,3,1,1,1,1,1,5,5,5,5,1,1,1,1,1,2,2,1,1,1,1,1,1,1,2,1,1,1,4,2,4,2,2,4,4,2,1,2,2,4,3,1,1,1,1,4,2,2,3,3,3,4,3,3,2,2,2,1,1,1,1,2,1,1,1,2,1,1,3
"334",4114,"13","1",19,1,2,1,4,1,3,1,1,2,1,1,1,2,1,3,1,5,3,4,1,3,4,2,1,1,3,1,1,2,2,1,1,1,1,1,1,1,3,3,2,1,2,3,3,3,2,2,3,4,1,2,1,2,3,3,4,1,4,3,3,4,5,3,5,5,1,1,1,1,2,1,2,1,2,1,3,1,1,1,1,2,4,2
"347",4168,"13","2",35,1,1,1,1,1,1,1,1,1,1,1,1,1,1,1,1,1,3,3,1,1,3,1,1,1,1,1,1,1,2,1,1,1,1,1,1,1,1,1,1,1,1,3,2,3,3,3,2,3,1,1,1,1,1,1,1,1,1,1,1,1,1,1,1,1,1,1,1,1,1,1,2,1,1,1,3,1,1,1,2,1,1,1
"358",4260,"13","2",55,4,2,2,3,1,1,1,1,2,2,2,2,3,3,2,2,1,4,4,1,3,3,2,1,3,3,4,3,3,3,3,2,3,1,1,2,2,1,2,2,2,2,4,2,2,2,2,2,2,1,1,1,1,2,2,1,1,2,1,2,2,2,1,1,1,1,1,1,1,2,1,4,3,1,1,1,1,1,2,2,1,1,1
"398",4538,"13","2",28,4,2,1,1,1,1,1,1,1,1,1,1,2,1,3,1,1,3,1,1,1,2,1,1,1,1,1,1,1,1,1,1,1,1,1,1,5,1,4,1,4,4,4,1,4,1,1,4,3,3,2,2,1,1,1,1,1,1,2,1,1,1,1,3,3,2,1,1,1,1,1,3,1,1,1,4,1,1,1,2,1,2,1
"406",10557,"5","2",43,5,1,3,2,1,1,1,1,2,1,1,1,2,1,3,1,1,2,3,1,3,3,2,1,2,1,1,1,2,3,1,1,1,1,1,1,1,1,3,3,1,1,4,2,3,2,2,1,2,1,2,1,1,3,3,1,1,2,1,2,4,1,2,1,5,1,1,1,1,1,1,5,2,1,1,2,2,1,2,1,1,1,1
"408",5997,"13","1",29,1,1,1,1,1,1,1,1,1,1,1,1,1,1,1,1,1,1,1,1,1,1,1,1,1,1,1,1,1,1,1,1,1,1,1,1,1,1,1,1,1,1,1,1,1,2,1,2,2,1,1,1,1,2,1,1,1,1,1,1,1,1,1,1,1,1,1,1,1,1,1,1,2,1,3,1,1,5,1,4,2,1,1
"417",4819,"13","1",19,1,1,2,2,1,1,1,1,1,1,1,1,3,3,2,2,5,1,1,1,3,3,2,1,1,2,1,1,1,4,1,1,2,1,1,1,3,1,1,1,1,1,2,3,1,3,3,1,1,1,1,1,5,2,2,1,1,2,1,1,3,1,1,5,5,2,3,1,1,1,1,1,1,1,1,1,1,2,2,1,4,1,1
"445",4952,"13","2",19,4,1,1,1,1,1,1,1,1,1,1,1,1,1,2,2,1,3,3,2,2,3,1,3,1,1,1,1,1,1,1,1,1,1,1,1,1,1,4,1,1,1,3,1,3,1,1,3,3,1,1,1,2,1,1,1,1,2,1,1,2,2,1,1,1,1,2,2,1,1,1,3,1,1,2,2,1,2,3,3,1,1,3
"450",4980,"13","1",21,1,1,1,1,1,1,1,1,1,1,1,1,1,1,1,1,1,1,1,1,1,1,1,1,1,1,1,1,1,1,1,1,1,1,1,1,1,1,1,1,1,1,1,1,1,1,1,1,1,1,1,1,1,1,1,1,1,1,1,1,1,1,1,1,1,1,1,1,1,1,1,1,1,1,1,1,1,2,1,2,1,1,1
"462",5073,"13","2",29,2,1,1,1,1,1,1,1,1,1,1,1,1,1,1,1,1,1,1,1,1,1,1,1,1,1,1,1,2,1,1,1,1,1,1,1,1,1,1,1,1,1,1,1,1,1,1,1,1,1,2,1,1,1,2,1,1,1,1,1,1,1,1,1,2,1,1,1,1,1,1,2,1,1,1,1,1,1,2,2,1,2,1
"489",5210,"5","2",22,1,1,1,1,1,1,1,1,1,1,1,1,1,1,1,1,1,1,1,1,1,2,1,1,1,1,1,1,1,1,1,1,1,1,1,1,1,1,1,1,1,1,1,1,2,1,1,1,1,1,1,1,1,1,1,1,1,1,1,1,1,1,1,1,1,1,1,1,1,1,1,1,1,1,1,1,1,1,1,1,1,1,1
"510",5362,"12","1",28,1,1,1,1,1,1,1,1,1,1,1,1,1,1,1,1,1,1,1,1,1,1,1,1,1,2,1,1,3,4,1,1,2,1,1,1,1,1,1,1,1,2,2,1,1,1,1,1,1,1,1,1,1,2,1,1,1,1,1,1,1,1,1,1,1,1,2,1,1,1,1,2,1,3,3,1,1,2,2,2,3,2,3
"516",5444,"9","1",47,3,1,1,1,1,1,1,1,1,1,1,1,2,1,1,1,1,2,2,1,2,1,2,1,1,1,1,1,1,1,1,1,1,1,1,1,1,3,1,1,1,1,1,3,2,1,1,1,2,1,1,1,1,2,2,1,1,1,2,1,1,3,2,1,1,1,1,1,4,2,1,4,3,1,1,5,1,1,3,3,4,1,1
"522",5488,"8","1",26,1,1,1,1,1,1,1,1,1,1,1,1,1,1,1,1,2,3,3,1,3,1,1,1,1,1,1,1,1,1,1,1,1,1,1,1,1,1,1,1,1,1,1,1,1,1,1,2,2,1,1,1,1,2,3,1,1,1,1,1,1,1,1,2,2,1,1,1,1,1,1,1,1,1,1,1,1,1,1,1,1,1,1
"544",5962,"13","2",22,1,1,1,2,1,1,1,1,1,1,1,1,1,1,1,1,1,2,2,1,1,2,1,1,1,1,1,1,1,1,1,1,1,1,1,1,1,1,1,1,1,1,1,1,2,1,1,2,2,1,1,1,1,2,1,1,1,2,1,2,1,1,1,1,1,1,1,1,1,1,1,1,1,1,1,1,1,1,1,1,1,1,1
"550",5698,"8","1",34,1,1,1,1,1,1,1,1,1,1,1,1,1,1,1,1,1,1,1,1,1,1,1,1,1,1,1,1,1,1,1,1,1,1,1,1,1,1,1,1,1,1,1,1,1,1,1,1,1,1,1,1,1,1,1,1,1,1,1,1,1,1,1,1,1,1,1,1,1,1,1,1,1,1,1,1,1,1,2,1,1,1,1
"552",5710,"9","2",24,1,1,1,1,1,1,1,1,1,1,1,1,1,1,1,1,1,1,1,1,1,3,2,1,1,1,1,1,1,1,1,1,1,1,1,1,1,1,1,1,1,1,2,1,3,1,1,2,2,1,2,1,1,3,2,1,1,2,1,1,1,1,2,1,1,1,1,1,1,1,1,1,1,1,1,2,5,4,1,5,4,1,4
"560",5849,"13","1",41,2,1,1,1,1,1,1,1,1,1,1,1,1,1,1,1,1,1,1,1,1,1,1,1,1,1,1,1,1,1,1,1,1,1,1,1,1,1,2,1,1,1,1,1,1,1,1,1,1,1,1,1,1,1,1,1,1,2,1,1,1,1,1,1,1,1,1,1,1,1,1,1,1,1,1,1,1,1,1,2,1,1,1
"569",5834,"2","2",19,3,1,1,1,1,1,1,1,1,1,1,1,1,1,1,1,1,2,1,1,1,2,1,1,1,1,1,1,1,1,1,1,1,1,1,1,1,1,2,1,1,1,1,1,1,1,1,2,1,1,1,1,1,1,1,1,1,1,1,1,1,1,1,1,1,1,1,1,1,1,1,3,1,1,1,1,1,2,1,2,1,1,1
"629",6210,"10","2",29,2,1,1,1,1,1,1,1,1,1,1,1,1,1,1,1,1,1,1,1,1,1,1,1,1,1,1,1,1,1,1,1,1,1,1,1,1,1,1,2,1,1,1,1,1,1,1,1,1,1,1,1,1,1,1,1,1,1,1,1,1,1,1,1,1,1,1,1,1,1,1,1,1,1,1,5,1,1,1,4,2,1,1
"638",6311,"13","1",34,1,1,1,1,1,1,1,1,1,1,1,1,1,1,1,1,1,1,1,1,1,1,1,1,1,1,1,1,1,1,1,1,1,1,1,1,1,1,1,1,1,1,2,1,2,1,1,1,2,1,1,1,1,1,1,1,1,1,1,1,1,1,1,1,1,1,1,1,2,1,1,4,3,2,3,4,1,3,3,3,4,2,1
"657",6414,"9","1",27,2,1,1,2,1,1,2,1,3,2,1,1,2,1,1,1,4,3,3,1,1,3,1,1,1,1,1,1,1,1,1,1,1,1,1,1,1,1,1,1,1,1,3,3,4,1,2,3,3,3,1,1,1,2,3,1,1,2,1,1,1,1,4,1,1,1,1,1,1,1,3,3,3,2,3,3,1,3,1,1,4,3,1
"673",6522,"13","2",29,4,1,1,2,1,1,1,1,1,1,1,1,1,1,1,1,1,1,1,1,1,1,1,2,1,1,1,1,1,1,1,1,1,1,1,1,1,1,1,1,1,1,1,1,1,1,1,1,2,1,1,1,1,1,1,1,1,2,2,1,1,1,1,1,1,1,1,1,2,1,2,2,2,2,2,3,1,2,1,2,2,1,1
"728",6856,"13","2",29,1,1,1,1,1,1,1,1,1,1,1,1,1,1,1,1,1,1,1,1,1,1,1,1,1,2,1,1,2,3,1,1,1,1,1,1,1,1,1,1,1,1,2,2,2,1,1,1,2,1,1,1,1,1,1,1,1,1,1,1,1,1,1,1,1,1,1,1,1,1,1,1,1,1,2,2,1,1,1,1,1,1,1
"785",8877,"13","1",20,2,1,1,1,1,1,1,1,1,1,1,1,1,1,1,1,1,1,1,1,1,1,1,1,1,1,1,1,1,1,1,1,1,1,1,1,1,1,2,2,1,1,1,1,1,1,1,1,1,1,1,1,1,1,1,1,1,1,1,1,1,1,1,1,1,1,1,1,1,1,1,2,2,1,1,2,4,2,2,2,5,1,1
"799",7273,"1","2",26,1,1,1,1,1,1,1,1,1,1,1,1,1,1,1,1,1,2,1,1,1,1,1,1,1,1,1,1,1,1,1,1,1,1,1,1,1,1,1,1,1,1,1,1,1,1,1,1,1,1,1,1,1,1,1,1,1,1,1,1,1,1,1,1,1,1,1,1,1,1,1,3,3,3,3,3,3,3,3,3,3,3,3
"819",9230,"1","1",27,4,1,1,1,1,1,1,1,1,1,1,1,1,1,1,1,1,1,1,1,1,1,1,1,1,1,1,1,1,1,1,1,1,1,1,1,1,1,1,1,1,1,1,1,1,1,1,1,1,1,1,1,1,1,1,1,1,1,1,1,1,1,1,1,1,1,1,1,1,1,1,3,3,3,3,3,1,1,1,3,3,1,1
"878",7659,"5","2",18,1,1,1,1,1,1,1,1,1,1,1,1,1,2,2,1,5,1,2,1,1,2,1,1,1,1,1,1,1,1,1,1,1,1,1,1,1,1,2,1,1,1,3,1,1,2,1,1,2,1,1,1,1,1,1,2,1,2,1,1,2,1,1,5,5,1,1,1,1,1,1,4,1,1,3,3,1,1,1,1,1,1,4
"937",8029,"6","2",25,2,1,1,1,1,1,1,1,1,1,1,1,1,1,1,1,1,3,3,1,1,3,1,1,1,2,1,1,2,1,1,1,1,1,1,1,1,1,1,1,1,2,2,2,3,2,1,2,2,1,1,1,1,1,1,1,1,1,1,1,1,1,1,1,1,1,1,1,1,1,1,1,1,1,1,1,1,1,1,1,1,1,1
"962",8130,"6","1",18,1,1,1,1,1,1,1,1,1,1,1,1,1,1,1,1,1,1,1,1,1,1,1,1,1,1,1,1,1,1,1,1,1,1,1,1,1,1,1,1,1,1,1,1,1,1,1,1,1,1,1,1,1,1,1,1,1,1,1,1,1,1,1,1,1,1,1,1,1,1,1,2,3,1,3,2,2,3,4,4,3,1,1
"975",8225,"13","1",20,1,1,1,2,1,1,1,1,1,1,2,1,1,1,2,1,5,1,1,1,1,1,1,1,1,1,1,1,1,1,1,1,1,1,1,1,1,1,1,1,1,1,1,1,1,1,1,1,1,1,1,1,1,1,1,1,1,2,1,1,1,1,1,5,5,2,1,1,1,1,1,1,1,1,1,1,1,1,1,1,1,1,1
"1006",8367,"6","1",28,3,1,1,2,1,1,1,1,1,1,1,1,1,1,1,1,1,4,4,1,1,4,1,1,1,1,1,1,1,1,1,1,1,1,1,1,1,1,2,1,1,1,1,1,1,1,1,2,2,1,1,1,1,2,1,1,1,1,1,1,1,1,1,1,1,1,1,1,1,1,1,1,1,3,4,4,4,4,1,1,1,1,1
"1031",8541,"13","2",32,3,1,1,3,1,1,1,1,1,1,1,1,3,1,3,3,3,3,3,1,3,3,1,1,3,3,2,3,5,4,3,1,1,1,1,1,1,1,1,1,1,1,4,4,5,1,1,4,4,2,3,3,1,1,3,2,2,3,3,3,2,3,4,3,3,4,1,1,5,1,1,3,4,2,1,5,1,3,3,4,5,1,1
"1037",8581,"7","2",30,1,1,1,3,1,1,1,1,1,1,1,1,2,1,1,1,1,3,2,2,2,2,1,1,1,2,1,1,1,1,1,1,1,1,1,1,1,1,1,1,1,1,1,2,3,1,1,1,1,1,1,1,1,1,1,1,1,3,3,1,1,1,1,1,1,1,1,1,1,3,2,5,3,2,3,1,2,2,2,4,2,3,2
"1073",8872,"11","2",52,3,3,5,2,1,1,1,1,1,3,3,1,1,3,4,4,4,4,4,4,2,3,4,3,4,5,5,4,5,5,5,1,1,5,1,1,4,4,5,2,2,5,5,5,5,5,5,4,4,4,4,5,5,4,4,1,1,2,2,3,3,2,3,3,4,2,4,5,4,4,3,5,4,3,3,1,1,1,1,4,5,1,1
"1090",8999,"13","2",26,1,1,1,1,1,1,1,1,1,1,1,1,1,1,1,1,1,2,1,1,1,1,1,1,1,1,1,1,1,2,1,1,1,1,1,1,1,1,1,1,1,1,1,1,1,2,2,2,3,1,1,1,1,1,1,1,1,1,1,1,1,2,1,1,1,1,1,2,1,1,1,1,1,1,1,4,1,1,1,1,4,1,1
"1093",9051,"8","1",19,1,1,1,1,1,1,1,1,1,1,1,1,1,1,1,1,1,1,1,1,1,1,1,1,1,1,1,1,1,1,1,1,1,1,1,1,1,1,1,1,1,1,1,1,1,1,1,1,1,1,1,1,1,1,1,1,1,1,1,1,1,1,1,1,1,1,1,1,1,1,1,3,3,3,3,3,3,3,3,3,3,3,3
"1140",9398,"13","1",20,2,1,2,1,1,1,5,1,4,3,4,1,3,1,3,1,5,2,2,1,5,5,5,5,1,1,1,1,1,1,1,1,1,1,1,1,1,1,1,1,1,1,2,3,3,1,1,1,1,1,1,1,1,1,1,1,1,2,2,1,1,1,1,1,3,1,1,1,1,2,2,4,2,2,2,3,3,3,1,1,3,3,1
"1157",9611,"9","1",20,1,1,1,1,1,1,1,1,1,1,1,1,1,1,1,1,1,1,1,1,1,1,1,1,1,1,1,1,1,1,1,1,1,1,1,1,1,1,1,1,1,1,1,1,1,1,1,1,2,1,1,1,1,1,1,1,1,2,1,1,1,1,1,1,1,1,1,1,1,1,1,1,1,2,1,1,1,1,1,1,2,2,2
"1214",9896,"12","1",19,1,1,1,1,1,1,1,1,1,1,1,1,1,1,1,1,1,1,1,1,1,1,1,1,1,1,1,1,1,1,1,1,1,1,1,1,1,1,1,1,1,1,3,1,1,1,1,1,1,1,1,1,1,1,1,1,1,1,1,1,1,1,1,1,4,1,1,1,2,1,1,4,2,1,1,4,1,1,3,4,3,2,1
"1225",10031,"13","1",42,4,1,1,1,1,1,1,1,1,1,1,1,1,1,1,1,1,2,2,2,1,2,1,1,1,1,2,1,1,1,1,1,1,1,1,1,1,1,1,1,1,1,2,1,1,1,1,2,2,1,3,3,2,1,1,1,1,4,1,1,1,1,1,1,1,1,3,1,1,1,3,1,4,1,3,1,1,1,1,1,3,1,1
"1231",10089,"13","2",34,1,1,1,1,1,1,1,1,1,1,1,1,1,3,1,1,1,1,1,1,1,2,1,1,1,2,1,1,1,2,1,1,1,1,1,1,1,1,1,1,1,1,1,1,1,1,1,1,1,1,1,1,1,1,1,1,1,1,1,1,1,1,1,1,1,1,1,1,1,1,1,5,2,2,3,4,1,4,1,2,3,1,1
"1235",10145,"13","1",30,1,1,1,1,1,1,1,1,1,1,1,1,1,1,1,1,1,1,1,1,1,1,1,1,1,1,1,1,1,1,1,1,1,1,1,1,1,1,1,1,1,1,1,1,1,1,1,1,1,1,1,1,1,1,1,1,1,1,1,1,1,1,1,1,1,1,1,1,1,1,1,3,3,3,3,3,3,3,3,3,3,3,3
"1237",10146,"6","2",22,3,1,2,3,1,2,1,1,2,2,2,3,4,3,2,2,2,3,3,2,2,4,3,2,2,3,2,1,3,2,1,2,1,1,1,1,1,2,2,1,1,2,3,4,3,1,2,2,3,2,2,2,4,2,2,2,1,3,3,2,2,1,1,2,2,1,3,4,3,2,2,5,3,2,2,4,4,3,3,4,3,3,3
"1292",10768,"6","1",33,2,1,1,1,1,1,1,1,1,1,1,1,1,1,1,1,1,1,3,1,1,1,1,1,1,1,1,1,1,1,1,1,1,1,1,1,1,1,1,1,1,1,2,1,2,1,1,1,2,1,1,1,1,1,1,1,1,1,1,1,1,1,2,1,1,1,2,1,2,1,1,3,1,1,3,2,1,1,1,2,3,2,1
"1307",10866,"5","1",29,1,1,1,1,1,1,1,1,1,1,1,1,1,1,1,1,1,1,1,1,1,1,1,1,1,1,1,1,1,1,1,1,1,1,1,1,1,1,1,1,1,1,1,1,1,1,1,1,1,1,1,1,1,1,1,1,1,1,1,1,1,1,1,1,1,1,1,1,1,1,1,1,1,1,1,1,1,1,1,1,1,1,1
"1369",11289,"14","1",20,3,1,1,2,1,1,1,1,2,1,2,1,1,1,1,1,4,2,2,2,3,1,1,2,1,1,1,1,2,1,1,1,1,1,1,1,1,1,2,1,2,1,1,1,2,1,1,1,2,1,1,2,1,2,3,1,1,2,2,3,1,2,1,5,5,1,2,1,1,1,3,1,1,3,3,1,1,1,1,2,3,1,2
"1396",11497,"13","2",28,1,1,1,2,1,1,1,1,1,1,1,1,2,1,1,1,1,2,2,1,3,1,1,2,1,1,1,1,1,1,1,1,1,1,1,1,1,1,1,1,2,2,2,2,2,1,1,1,1,1,1,1,1,2,3,1,1,2,2,2,2,2,2,1,2,2,2,3,4,2,3,3,1,3,4,5,1,4,4,4,3,3,3
"1401",11558,"9","1",21,1,1,2,1,1,1,1,1,1,1,1,1,1,1,1,1,1,1,2,1,1,3,1,1,3,1,1,1,2,2,2,2,2,1,1,1,1,1,1,1,1,1,4,3,2,1,1,1,1,1,1,1,1,2,1,1,1,1,1,2,1,2,1,2,1,1,1,1,1,1,1,2,1,1,1,2,1,1,1,2,3,3,3
"1403",11573,"5","2",33,4,1,1,1,1,1,1,1,1,1,1,1,1,1,1,1,1,1,1,1,1,2,1,1,1,1,1,1,1,2,1,1,1,1,1,1,1,1,2,2,1,1,2,1,2,1,1,1,1,1,1,1,1,1,1,1,1,1,1,1,1,1,1,1,1,1,1,1,1,1,1,1,1,1,1,1,1,1,1,1,1,1,1
"1415",11705,"9","1",28,2,1,1,2,1,1,1,1,1,1,1,1,1,1,1,1,1,1,1,1,1,2,1,1,1,1,1,1,1,1,1,1,1,1,1,1,1,1,2,1,1,1,2,1,2,1,1,1,1,1,1,1,1,1,1,1,1,2,2,1,1,1,1,1,1,1,1,1,1,1,1,3,1,1,3,1,1,1,1,3,3,1,1
"1430",11839,"9","2",23,1,2,1,2,1,1,1,1,1,1,1,1,1,1,2,1,1,1,2,1,1,3,1,1,1,1,1,1,1,1,1,1,1,1,1,1,1,2,1,1,2,2,3,1,2,1,2,1,2,1,1,1,1,2,2,1,1,2,1,1,2,1,1,1,3,1,1,1,1,1,1,4,2,1,3,2,2,2,5,4,5,4,1
"1451",12042,"13","2",26,3,1,1,2,1,1,1,1,1,1,1,1,1,1,1,1,1,1,1,1,1,2,2,3,1,1,1,1,1,2,2,1,1,1,1,1,1,1,1,1,1,1,2,1,1,1,1,1,1,1,1,1,1,2,3,1,1,1,2,1,2,2,3,2,2,1,3,2,4,2,1,4,3,2,2,4,1,1,2,1,3,2,2
"1458",12066,"13","1",29,3,1,1,1,1,1,1,1,1,1,1,1,1,2,1,1,1,1,1,1,1,1,1,1,1,1,1,1,1,1,1,1,1,1,1,1,1,1,1,1,1,1,1,1,2,2,2,1,1,1,1,1,1,1,1,1,1,1,1,1,1,1,1,1,1,1,1,1,1,1,1,1,2,1,1,3,1,1,1,1,1,1,1
"1472",12151,"13","2",18,1,1,1,1,1,1,1,1,1,1,1,1,1,1,1,1,1,1,2,1,1,1,1,1,1,1,1,1,1,1,1,1,1,1,1,1,1,1,1,1,1,1,1,1,2,1,1,1,2,1,1,1,1,2,2,1,1,1,1,1,1,1,1,1,1,1,1,1,1,1,1,1,5,1,3,2,1,3,4,4,4,1,1
"1480",12210,"8","2",44,3,1,2,2,1,1,1,1,1,1,1,1,2,1,1,1,1,2,1,1,1,1,1,1,2,2,2,2,2,2,1,1,2,1,1,1,1,1,2,2,2,2,2,2,2,2,1,2,2,1,1,1,1,1,1,1,1,1,1,1,1,1,1,1,1,1,1,1,1,1,1,1,3,1,1,5,1,1,2,2,1,1,1
"1490",12281,"13","1",29,3,1,1,1,1,1,1,1,1,1,1,1,1,1,1,1,1,2,2,1,1,1,1,1,1,1,1,1,1,1,1,1,1,1,1,1,1,3,1,1,1,1,1,1,2,1,1,2,2,1,1,1,1,1,1,1,1,1,1,1,1,1,1,1,1,1,1,1,1,1,1,3,3,3,3,3,1,2,2,2,2,3,1
"1529",12546,"13","2",18,2,1,1,1,1,1,1,1,1,1,1,1,1,1,1,1,1,2,2,1,1,2,1,1,1,2,1,1,1,3,1,1,1,1,1,1,1,2,3,1,1,1,3,1,2,1,1,1,2,1,2,3,3,3,3,1,1,2,1,1,1,1,2,1,2,1,2,3,1,1,1,1,1,1,1,1,1,1,1,1,3,2,1
"1586",12936,"3","1",26,1,1,1,1,1,1,1,1,1,1,1,1,1,1,2,1,1,1,1,1,1,2,1,1,1,1,1,1,1,1,1,1,1,1,1,1,1,1,1,1,1,1,2,1,2,1,1,1,1,1,2,1,1,2,2,1,1,1,1,1,2,1,2,1,4,1,1,1,1,1,1,2,2,1,1,1,1,1,1,2,4,1,1
"1619",13200,"13","2",50,3,1,1,1,1,1,1,1,1,1,1,1,1,1,1,1,1,2,2,1,1,1,1,1,1,1,1,1,1,1,1,1,1,1,1,1,1,1,1,1,1,1,1,1,1,1,1,2,2,1,1,1,1,1,1,1,1,1,1,1,1,1,1,1,1,1,1,1,1,1,1,1,1,1,3,1,1,1,1,2,3,1,1
"1639",13346,"13","1",24,3,1,1,1,1,1,1,1,1,1,1,1,1,1,1,1,1,1,2,1,1,1,1,1,1,1,1,1,1,1,1,1,1,1,1,1,1,1,1,1,1,2,2,1,2,1,1,1,2,1,1,1,1,1,1,1,1,1,1,1,1,2,1,1,1,1,1,1,1,1,1,1,1,2,1,1,1,1,1,1,4,1,1
"1671",13608,"10","2",32,1,1,1,1,1,1,1,1,1,1,1,1,1,1,1,1,1,1,1,1,1,1,1,1,1,1,1,1,1,1,1,1,1,1,1,1,1,1,1,1,1,1,1,2,1,1,1,1,1,1,1,1,1,2,2,1,1,2,2,2,1,1,1,1,1,1,1,1,1,2,1,2,2,2,2,1,2,3,3,2,2,2,3
"1690",13731,"8","2",28,4,1,2,2,1,1,1,1,1,1,1,2,1,1,1,1,1,1,1,1,1,2,1,1,1,2,1,1,1,1,1,2,1,1,1,1,1,1,4,4,1,1,4,1,3,1,1,3,3,1,1,1,1,1,1,1,1,2,1,1,1,1,1,1,1,1,1,1,1,1,1,5,2,1,1,1,1,1,1,1,1,1,1
"1709",13921,"3","2",37,2,1,1,1,1,1,1,1,1,1,1,1,3,3,1,1,1,1,1,1,1,3,1,1,1,1,2,1,1,1,2,1,1,1,1,1,1,1,2,1,1,1,3,4,3,1,3,1,1,1,1,1,1,1,2,2,2,1,1,1,3,1,2,2,3,1,1,1,1,2,1,2,5,5,3,3,4,4,1,4,4,4,1
"1749",14240,"13","2",25,4,1,1,1,1,1,1,1,1,1,1,1,1,1,1,1,1,1,1,1,1,1,4,1,1,1,1,1,1,1,1,1,1,1,1,1,1,1,2,1,1,1,1,1,1,1,1,1,1,1,1,1,1,1,1,1,1,1,1,1,1,1,1,1,1,1,1,1,1,1,1,2,2,2,3,1,1,1,3,1,3,1,1
"1780",14397,"5","1",21,1,1,1,1,1,1,1,1,1,1,1,1,1,1,1,1,1,1,1,1,1,1,1,1,1,1,1,1,1,1,1,1,1,1,1,1,1,1,1,1,1,1,1,1,2,1,1,1,1,1,1,1,1,1,1,1,1,1,1,1,1,1,1,1,1,1,1,1,1,1,1,5,2,2,1,5,1,1,1,1,2,2,1
"1807",14553,"3","1",32,2,1,1,2,1,1,1,1,1,1,1,1,1,1,1,1,1,2,2,1,1,3,1,1,1,1,1,1,1,1,1,1,1,1,1,1,1,1,1,2,1,2,3,1,2,1,1,2,2,1,1,1,1,1,1,1,1,2,1,1,1,1,1,1,1,1,1,1,1,1,1,1,1,1,3,2,1,1,1,1,1,1,1
"1857",14908,"13","2",22,3,1,1,1,1,1,1,1,1,1,1,1,1,1,1,1,1,1,1,1,1,1,1,1,1,1,1,1,1,1,1,1,1,1,1,1,1,1,3,1,1,1,1,3,3,1,1,1,1,1,1,1,1,3,3,1,1,1,1,1,1,1,1,1,5,1,1,1,1,1,1,1,1,1,1,1,1,2,1,1,4,1,1
"1912",15227,"13","2",21,1,1,1,1,1,1,1,1,1,1,1,1,1,1,1,1,1,1,1,1,1,1,1,1,1,1,1,1,1,1,1,1,1,1,1,1,1,1,1,1,1,1,1,1,1,1,1,1,1,1,1,1,1,1,1,1,1,1,1,1,1,1,1,1,1,1,1,1,1,1,1,3,3,3,3,3,3,3,3,3,3,3,3
"1920",15297,"13","1",27,1,1,1,1,1,1,1,1,1,1,1,1,1,1,1,1,1,1,1,1,1,1,1,1,1,1,1,1,1,1,1,1,1,1,1,1,1,1,1,1,1,1,1,1,1,1,1,1,1,1,1,1,1,1,1,1,1,1,1,1,1,1,1,1,1,1,1,1,1,1,1,1,1,1,1,3,1,1,1,1,1,1,1
"1938",15445,"4","1",36,1,1,1,1,1,1,1,1,1,1,1,1,1,1,1,1,1,1,1,1,1,1,1,3,1,1,1,1,1,1,1,1,1,1,1,1,1,1,1,1,1,1,1,1,1,1,1,1,1,1,1,1,1,1,1,1,1,1,1,1,1,2,1,1,1,1,1,1,1,1,3,3,3,1,3,1,1,1,1,1,1,1,2
"1953",15537,"12","2",21,4,1,1,3,1,2,1,1,1,1,1,1,1,1,4,2,2,1,3,1,4,1,1,1,1,1,1,1,1,3,1,1,1,1,1,1,1,2,3,1,1,1,1,1,3,1,1,1,2,1,1,2,2,3,3,2,2,2,2,2,4,1,1,2,2,1,1,1,1,1,1,2,2,1,1,2,1,2,2,3,1,1,1
"1998",15820,"13","2",29,1,1,1,1,1,1,1,1,1,1,1,1,1,1,1,1,1,1,1,1,1,3,1,1,1,1,1,1,1,1,1,1,1,1,1,1,1,1,1,1,1,1,1,1,1,1,1,1,2,1,1,1,1,1,1,1,1,1,1,1,1,1,1,1,1,1,1,1,1,1,1,2,3,4,1,1,2,2,3,3,1,1,1
"2000",15857,"13","2",22,4,2,2,2,1,2,3,1,4,1,1,1,3,3,1,1,1,2,3,2,2,4,4,2,2,2,1,1,1,2,1,2,2,1,1,1,1,1,3,4,1,1,4,3,3,3,1,2,3,2,2,1,1,3,1,2,2,2,2,2,1,2,1,1,1,1,2,1,2,3,2,2,2,1,3,2,1,2,1,4,3,3,2
"2009",15903,"5","2",43,1,1,1,1,1,1,1,1,1,1,1,1,1,1,1,1,5,1,1,1,1,1,1,1,1,1,1,1,1,1,1,1,1,1,1,1,1,1,1,1,1,1,1,1,1,1,1,1,1,1,1,1,1,1,1,1,1,1,1,1,1,1,1,5,5,1,5,1,1,1,1,5,4,4,3,4,1,1,1,1,1,1,1
"2044",16214,"13","2",44,1,1,1,1,1,1,1,1,1,1,1,1,1,1,1,1,1,2,2,1,1,3,1,1,1,1,1,1,1,1,1,1,1,1,1,1,1,1,1,1,1,1,1,1,2,1,1,2,2,1,1,1,1,1,1,1,1,1,1,1,1,1,1,1,1,1,1,1,1,1,1,2,1,1,3,1,1,1,1,1,1,1,1
"2064",16373,"9","1",57,2,1,1,1,1,1,1,1,1,1,1,2,1,1,1,1,1,1,1,1,1,2,1,2,1,1,1,1,1,1,1,2,1,1,1,1,1,1,1,1,1,1,1,1,1,1,1,1,1,1,1,1,1,1,1,1,1,1,1,1,1,1,1,1,1,1,1,1,1,1,1,1,1,1,1,1,1,1,1,1,1,1,1
"2069",16433,"10","1",21,1,1,1,1,1,1,1,1,1,1,1,1,1,1,1,1,1,1,1,1,1,1,1,1,1,1,1,1,1,1,1,1,1,1,1,1,1,1,1,1,1,1,1,1,1,1,1,1,1,1,1,1,1,1,1,1,1,1,1,1,1,1,1,1,1,1,1,1,1,1,1,1,1,1,1,1,1,1,1,2,1,1,1
"2071",16460,"10","2",20,1,1,1,1,1,1,1,1,1,1,1,1,1,1,1,1,1,1,1,1,1,1,1,1,1,1,1,1,1,1,1,1,1,1,1,1,1,1,1,1,1,1,1,1,1,1,1,1,1,1,1,1,1,1,1,1,1,1,1,1,1,2,1,1,1,1,1,1,1,1,1,1,1,1,1,1,1,1,1,1,1,1,1
"2090",16599,"13","1",26,3,1,1,1,1,1,1,1,1,1,1,1,1,2,1,1,1,2,2,1,1,2,1,1,2,2,1,1,1,1,1,1,1,1,1,1,1,1,2,1,1,1,1,1,2,2,1,2,2,1,1,1,1,2,2,1,1,1,1,1,1,1,2,1,1,1,1,1,2,1,1,3,4,1,1,3,1,1,1,1,1,1,1
"2098",16679,"13","2",25,2,1,1,1,1,1,1,1,1,1,1,1,1,1,1,1,1,1,1,1,1,1,1,1,1,1,1,1,1,1,1,1,1,1,1,1,1,1,1,1,1,1,1,1,1,1,1,1,1,1,1,1,1,1,1,1,1,1,1,1,1,1,1,1,1,1,1,1,1,1,1,3,1,1,1,4,1,3,4,2,3,3,3
"2119",16819,"13","1",21,2,1,1,1,1,1,1,1,1,1,1,1,1,1,1,1,1,1,1,1,1,1,1,1,1,1,1,1,1,1,1,1,1,1,1,1,1,1,1,1,1,1,1,1,2,1,1,1,1,1,1,1,1,1,1,1,1,1,1,1,1,1,3,2,2,1,1,1,2,1,1,1,1,1,3,4,1,1,1,1,1,1,1
"2123",16866,"13","2",22,1,1,1,1,1,1,1,1,1,1,1,1,1,1,1,1,5,1,1,1,1,1,1,1,1,1,1,1,1,1,1,1,1,1,1,1,1,1,1,1,1,1,1,2,2,1,1,1,1,1,1,1,2,2,2,1,1,1,1,1,1,1,1,5,5,1,5,1,1,1,1,1,1,1,1,3,1,1,2,2,3,1,1
"2151",17042,"13","2",23,1,1,1,1,1,1,1,1,1,1,1,1,2,1,1,1,1,2,2,1,2,2,1,1,1,1,1,1,1,1,1,1,1,1,1,1,1,1,1,1,1,1,1,1,2,1,1,2,2,1,1,1,1,3,2,2,1,1,1,1,1,2,2,1,1,1,1,1,1,1,1,1,1,1,1,1,1,1,2,2,2,1,1
"2162",17134,"1","2",42,3,1,1,1,1,1,1,1,1,1,1,1,1,3,1,1,1,3,3,1,1,2,1,1,1,1,1,1,1,1,1,1,1,1,1,1,1,1,2,2,1,1,2,3,2,1,1,2,3,1,1,1,2,2,1,1,1,1,1,1,1,1,1,1,1,1,1,2,1,1,1,3,3,3,3,3,1,3,3,3,3,3,1
"2169",17186,"8","1",22,1,1,1,2,1,1,1,1,1,1,1,1,1,2,1,1,1,1,1,1,1,1,1,1,1,1,1,1,1,2,1,1,1,1,1,1,1,2,1,1,1,1,1,1,1,2,2,1,1,1,1,1,1,1,1,1,1,2,1,2,1,1,2,1,1,1,1,1,1,1,1,1,2,1,1,3,1,2,1,3,2,1,1
"2182",17265,"13","1",30,2,1,1,1,1,1,1,1,1,1,1,1,1,1,1,1,1,1,1,1,1,1,1,1,1,1,1,1,1,1,1,1,1,1,1,1,1,1,1,1,1,1,1,1,2,1,1,1,1,1,1,1,1,2,2,1,1,1,1,1,1,1,1,1,1,1,1,1,1,1,1,1,1,1,1,1,1,2,3,2,1,1,1
"2187",17303,"8","2",26,1,1,1,2,1,1,1,1,1,1,1,1,2,1,1,1,1,1,1,1,1,1,1,1,1,1,1,1,1,1,1,1,1,1,1,1,1,1,1,1,1,1,1,2,2,1,1,1,1,1,1,1,1,2,1,1,1,1,1,1,1,1,1,1,1,1,1,1,1,1,1,2,2,1,2,1,1,2,1,2,2,1,1
"2222",17548,"8","2",26,1,1,1,1,1,1,1,1,1,1,1,1,1,1,1,1,1,1,1,1,1,1,1,1,1,1,1,1,1,1,1,1,1,1,1,1,1,1,1,1,1,1,1,1,1,1,1,1,1,1,1,1,1,1,1,1,1,1,1,1,1,1,1,1,1,1,1,1,1,1,1,2,1,2,1,1,1,1,1,1,2,1,1
"2234",17605,"8","2",23,1,1,1,1,1,1,1,1,1,1,1,1,1,1,1,1,1,1,1,1,1,1,1,1,1,1,1,1,1,1,1,1,1,1,1,1,1,1,1,1,1,1,2,1,1,1,1,2,2,1,1,1,1,1,1,1,1,1,1,1,1,1,1,1,1,1,1,1,1,1,1,1,1,1,1,1,1,1,1,1,1,1,1
"2282",17915,"8","2",27,1,1,1,1,1,1,1,1,1,1,1,1,1,1,1,1,1,1,1,1,1,1,1,1,1,1,1,1,1,1,1,1,1,1,1,1,1,1,1,1,1,1,1,1,1,1,1,1,1,1,1,1,1,1,1,1,1,1,1,1,1,1,1,1,1,1,1,1,1,1,1,2,1,1,1,1,1,1,1,1,1,1,1
"2311",18168,"6","1",46,2,1,1,1,1,1,1,1,1,1,1,1,1,1,1,1,1,1,1,1,1,1,1,1,1,1,1,1,1,1,1,1,1,1,1,1,1,1,1,1,1,1,1,1,1,1,1,1,1,1,1,1,1,1,1,1,1,1,1,1,1,1,1,1,1,1,1,1,1,1,1,1,1,1,1,1,1,1,1,1,1,1,1
"2331",18364,"10","1",21,1,1,1,2,1,1,1,1,1,1,2,1,2,1,1,1,1,1,2,1,1,2,1,1,2,1,2,1,2,2,3,1,1,1,2,1,1,2,2,1,1,2,3,2,2,1,1,1,2,1,1,1,1,1,2,1,1,2,2,1,1,1,1,2,3,1,2,2,1,1,1,3,2,2,2,5,3,2,1,4,1,3,1
"2347",18495,"8","2",30,3,1,1,1,1,1,1,1,1,1,1,1,1,1,1,1,1,1,1,1,1,1,1,1,1,1,1,1,2,2,1,1,1,1,1,1,1,1,1,1,1,1,3,1,2,1,1,1,1,1,1,1,1,1,1,1,1,1,1,1,1,1,1,1,3,1,1,1,1,1,1,3,5,2,3,4,1,2,1,1,2,1,1
"2367",18610,"9","2",48,5,1,2,2,1,1,1,1,1,1,1,1,1,1,1,1,1,1,1,1,1,3,1,1,2,4,1,1,1,1,1,1,1,1,1,1,1,1,3,2,2,2,1,1,4,1,1,2,2,2,1,1,1,2,2,2,2,3,1,2,1,1,1,1,1,1,1,1,1,1,1,1,1,2,3,1,1,1,1,1,1,1,1
"2408",18874,"13","1",29,1,1,1,1,1,1,1,1,1,1,1,1,3,1,1,1,1,1,3,1,1,3,1,1,1,1,1,1,1,1,1,1,1,1,1,1,1,1,1,1,1,1,3,3,2,1,1,1,3,1,1,1,1,1,1,1,1,1,1,1,1,1,1,1,1,1,1,1,1,1,1,2,1,1,1,2,1,2,1,4,3,3,1
"2410",18879,"13","2",29,1,1,1,1,1,1,1,1,1,1,1,1,1,1,1,1,1,2,2,1,1,1,1,1,1,1,1,1,1,2,1,1,1,1,1,1,1,1,1,1,1,1,1,1,2,1,1,1,2,1,1,1,1,1,1,1,1,1,1,1,1,1,1,1,1,1,1,1,1,1,1,3,1,1,1,1,1,5,1,4,2,1,1
"2416",18917,"8","2",19,1,1,1,1,1,1,1,1,1,1,1,1,1,1,1,1,1,1,2,1,1,3,1,1,1,1,1,1,1,1,1,1,1,1,1,1,1,1,1,1,1,1,1,1,1,1,1,1,1,1,1,1,1,1,1,1,1,1,1,1,1,1,1,1,1,1,1,1,1,1,1,2,1,1,1,1,1,1,1,1,1,1,1
"2418",18936,"13","1",24,2,1,1,2,1,1,1,1,1,1,1,1,1,1,1,1,1,1,2,1,1,1,1,1,1,1,1,1,1,1,1,1,1,1,1,1,1,1,2,1,1,1,1,1,1,1,1,1,2,1,1,1,1,1,1,1,1,2,2,1,1,2,1,1,1,1,1,1,1,1,1,3,1,1,1,2,1,1,1,1,1,1,1
"2432",19118,"13","1",32,1,1,1,1,1,1,1,1,1,1,1,1,1,1,1,1,1,1,1,1,1,2,1,1,1,1,1,1,1,1,1,1,1,1,1,1,1,1,1,1,1,1,2,1,1,1,1,1,1,1,1,1,1,2,1,1,1,1,1,1,1,1,1,1,1,1,1,1,1,1,1,3,1,1,3,3,1,1,1,1,1,1,1
"2478",19425,"10","2",26,1,1,1,1,1,1,1,1,1,1,1,1,1,1,1,1,2,2,2,1,1,1,1,1,1,1,1,1,1,2,1,1,1,1,1,1,1,1,1,1,1,1,1,1,2,1,1,1,1,1,1,1,1,3,2,1,1,2,1,1,1,1,1,1,1,1,2,2,2,1,1,3,2,2,3,2,2,3,2,2,2,3,2
"2489",19514,"13","2",19,1,1,1,1,1,1,1,1,1,1,1,1,1,1,1,1,1,1,1,1,1,5,1,1,1,1,1,1,1,1,1,1,1,1,1,1,1,1,1,1,1,1,3,2,1,1,1,1,1,1,1,1,1,1,1,1,1,1,1,1,1,1,1,1,1,1,1,1,1,1,1,1,1,1,1,1,1,1,1,5,4,1,1
"2521",19870,"13","2",35,1,1,2,1,1,1,1,1,1,1,1,1,1,1,1,1,1,1,1,1,1,4,1,1,1,1,1,1,1,1,1,1,1,1,1,1,1,1,1,1,1,1,3,1,1,1,1,1,1,1,1,1,1,1,1,1,1,1,1,1,1,1,1,1,1,1,1,1,1,1,1,1,5,1,1,5,1,1,1,4,5,1,1
"2524",19935,"5","1",26,4,1,1,2,1,1,1,1,1,1,1,1,3,1,1,1,1,1,3,1,1,2,1,1,1,1,1,1,1,1,2,1,1,1,1,1,1,1,1,1,2,1,2,3,2,1,1,2,2,1,1,1,2,2,2,1,3,2,1,2,1,3,1,1,1,1,1,1,1,1,2,4,2,4,2,2,1,3,2,3,3,3,2
"2528",19972,"5","1",25,2,1,1,1,1,1,1,1,1,1,1,1,1,1,1,1,1,1,1,1,1,1,1,1,1,1,1,1,1,1,1,1,1,1,1,1,1,1,2,1,1,1,1,1,1,1,1,1,1,1,1,1,1,1,1,1,1,1,1,1,1,1,1,1,1,1,1,1,1,1,1,1,2,2,1,1,1,2,2,2,2,1,1
"2551",20134,"13","1",34,3,1,1,1,1,1,1,1,1,1,1,1,1,1,1,1,4,1,3,1,1,1,1,1,1,2,1,1,1,2,2,1,1,1,1,1,1,3,3,1,1,1,1,1,3,1,1,1,3,1,3,3,2,1,1,1,1,1,1,1,1,1,3,4,4,2,5,3,4,1,1,1,1,1,1,5,1,1,1,1,4,1,1
"2555",20158,"14","2",35,1,1,1,1,1,1,1,1,1,1,1,1,1,1,1,1,1,2,2,1,1,3,1,1,1,1,1,1,1,2,1,1,1,1,1,1,1,2,1,1,1,1,1,1,1,1,1,1,1,2,1,2,3,2,1,2,1,1,1,1,2,1,2,1,2,1,1,2,1,1,2,1,1,4,3,1,1,1,1,1,4,1,1
"2571",20252,"13","2",27,3,1,1,2,1,1,1,1,1,1,1,1,1,1,1,1,1,1,1,1,1,1,1,1,1,1,1,1,1,1,1,1,1,1,1,1,1,1,1,1,1,1,1,1,1,1,1,1,1,1,1,1,1,1,1,1,1,2,1,1,1,1,1,1,1,1,1,1,1,1,1,3,1,1,3,1,1,1,1,3,2,1,1
"2598",20470,"13","1",22,3,1,1,1,1,1,1,1,1,1,1,1,1,1,1,1,1,1,3,1,1,3,1,1,1,1,1,1,1,1,1,1,1,1,1,1,1,1,3,2,1,1,3,1,2,1,1,1,3,1,1,1,1,3,1,1,1,2,1,1,1,1,1,1,2,1,1,1,1,1,1,1,1,1,1,1,1,2,1,1,1,1,4
"2623",20738,"2","1",22,3,1,1,1,1,1,1,1,1,1,1,1,1,1,1,1,2,1,1,1,1,1,1,1,1,1,1,1,1,1,1,1,1,1,1,1,1,2,2,2,1,1,1,1,1,1,1,1,1,1,1,1,1,1,1,1,1,2,1,1,1,1,1,2,2,1,1,1,1,1,1,1,1,1,1,1,1,1,1,1,1,1,1
"2644",20927,"3","1",21,2,1,1,2,1,1,1,1,1,1,1,1,2,1,1,1,1,2,2,1,1,2,1,1,1,1,1,1,1,3,1,1,1,1,1,1,1,2,3,2,1,1,3,2,2,2,2,2,2,1,2,3,1,4,3,1,1,2,2,3,1,4,4,4,3,2,1,4,3,1,1,3,2,1,3,4,1,3,1,4,5,3,3
"2648",20947,"13","1",44,3,1,1,1,1,1,1,1,1,1,1,1,1,1,1,1,1,1,1,1,1,1,1,1,1,1,1,1,1,1,1,1,1,1,1,1,1,1,2,2,1,1,2,2,2,1,1,1,1,2,1,1,1,2,1,1,1,1,1,1,1,1,2,1,1,1,1,1,1,1,1,4,1,4,1,2,1,1,1,4,4,1,1
"2649",20964,"13","2",38,3,1,1,2,1,1,1,1,1,1,1,1,1,1,1,1,1,2,2,1,1,1,1,1,1,1,1,1,1,1,1,1,2,1,1,1,1,1,1,1,1,1,1,1,2,1,1,1,2,1,1,1,2,2,2,2,2,2,2,1,1,1,1,1,1,1,1,2,5,1,1,5,3,1,1,5,1,1,1,4,5,1,1
"2656",21018,"13","2",20,2,1,1,1,1,1,1,1,1,1,1,1,1,1,1,1,1,2,3,1,1,2,1,1,1,2,1,1,1,3,1,1,1,1,1,1,1,2,3,1,1,1,3,1,4,1,1,3,4,1,1,1,1,2,1,1,1,2,1,1,1,2,1,1,1,1,1,1,1,1,1,2,4,4,4,5,2,5,5,5,5,1,1
"2661",21066,"13","2",32,3,1,1,1,1,1,1,1,1,1,1,4,1,1,1,1,1,1,1,1,1,1,1,1,3,1,1,1,1,1,1,4,1,1,1,1,1,1,1,1,1,1,1,1,1,1,1,1,1,1,1,1,1,1,1,1,1,1,1,1,1,1,1,1,1,1,1,1,1,1,1,5,2,4,3,4,1,1,1,1,4,2,2
"2669",21160,"2","2",28,1,1,1,1,1,1,1,1,1,1,1,1,1,1,1,1,1,1,1,1,1,1,1,1,1,1,1,1,1,1,1,1,1,1,1,1,1,2,1,1,1,1,1,1,2,1,1,1,1,1,2,1,1,1,1,1,1,2,1,1,1,1,1,1,3,1,1,1,1,1,1,1,1,1,3,1,1,1,1,3,1,1,1
"2720",21694,"11","1",31,4,4,2,4,1,1,1,1,1,1,1,1,2,2,1,1,1,3,3,1,1,1,1,1,2,1,1,4,5,5,4,1,1,1,1,1,1,1,1,4,3,4,4,3,3,3,3,3,5,1,1,1,1,4,3,1,1,3,1,1,1,4,1,1,1,1,3,3,1,1,1,2,3,1,3,1,1,1,1,1,3,1,1
"2726",34307,"8","1",28,1,1,1,1,1,1,1,1,1,1,1,1,1,1,1,1,1,1,1,1,1,1,1,1,1,1,1,1,1,1,1,1,1,1,1,1,1,1,1,1,1,1,1,1,2,1,1,1,1,1,1,1,1,1,1,1,1,1,1,1,2,1,1,1,1,1,1,1,1,1,1,1,1,1,1,2,1,1,1,1,1,1,1
"2730",21773,"11","1",36,1,1,2,2,1,1,1,1,2,1,1,1,2,1,1,1,4,2,2,1,1,2,1,2,3,3,2,2,3,3,3,1,1,1,1,1,2,1,1,1,2,3,3,3,4,1,1,2,3,2,3,2,1,2,2,1,1,3,2,2,2,2,2,3,3,1,1,1,1,1,2,1,1,1,1,1,1,1,1,1,1,1,1
"2741",21838,"1","2",24,2,1,1,1,1,1,1,1,1,1,1,1,1,1,1,1,1,1,1,1,1,2,1,1,1,1,1,1,1,1,1,1,1,1,1,1,1,1,2,1,1,1,3,1,3,1,1,1,1,1,1,1,1,1,1,1,1,1,1,1,1,1,1,1,1,1,1,1,1,1,1,3,3,1,3,3,1,5,3,3,3,3,3
"2742",21851,"15","2",24,3,1,1,1,1,1,1,1,1,2,1,1,1,1,1,1,1,1,1,1,1,1,1,3,1,1,1,1,1,1,1,1,1,1,1,1,1,1,1,1,1,1,2,1,1,1,1,1,2,1,1,1,1,1,1,1,1,1,1,1,1,1,1,1,1,1,1,1,1,1,1,2,5,1,1,1,1,1,5,1,4,1,1
"2750",21938,"13","2",49,5,1,1,1,1,1,1,1,1,1,1,1,1,1,1,1,1,1,3,1,1,1,1,1,1,1,1,1,1,1,1,1,1,1,1,1,1,1,1,1,1,1,1,1,1,1,1,1,3,1,1,1,1,1,1,1,1,1,1,1,1,1,1,1,1,1,1,1,1,1,1,1,2,1,1,1,1,1,1,5,1,1,1
"2824",22370,"11","2",22,4,1,4,3,2,1,1,1,1,4,3,1,4,1,3,2,3,4,4,2,4,4,3,3,3,2,4,1,1,2,2,2,1,1,1,1,1,1,1,1,1,1,3,3,4,1,1,5,5,2,1,3,3,4,3,1,1,2,2,3,2,1,1,2,2,1,1,1,1,1,2,1,1,1,1,1,1,1,1,1,1,1,1
"2825",43054,"13","2",37,2,1,1,2,1,1,1,1,1,1,1,1,2,1,2,3,2,4,4,2,3,4,2,2,1,2,1,1,1,2,1,1,1,1,1,1,1,1,1,1,1,2,3,2,3,1,1,4,4,1,1,1,2,2,3,1,1,2,1,1,1,1,1,1,1,1,1,1,1,1,1,2,3,3,1,2,1,1,2,4,2,4,4
"2844",22515,"11","1",22,2,1,1,1,1,1,1,1,1,1,1,1,1,1,1,1,1,1,1,1,1,3,1,2,2,1,1,1,1,2,1,1,1,1,1,1,1,1,2,1,1,2,3,1,2,1,1,2,1,1,1,1,1,2,2,1,1,1,1,1,1,2,1,1,1,1,1,1,1,1,2,1,1,1,1,1,1,1,1,1,1,1,1
"3028",23943,"13","2",22,1,1,1,2,1,1,1,1,1,1,1,1,3,1,1,1,1,3,1,1,1,1,1,1,1,1,1,1,1,1,1,1,1,1,1,1,1,1,1,1,1,1,1,1,1,1,1,2,2,1,1,1,1,2,1,1,1,3,2,1,2,3,1,1,1,1,1,1,1,1,2,1,3,1,3,1,1,1,1,1,1,4,4
"3033",23990,"13","2",27,3,1,4,1,4,1,1,1,4,4,4,1,1,4,4,4,4,4,4,2,2,4,4,4,1,1,1,1,1,1,1,1,1,1,1,1,1,1,1,1,1,1,1,1,1,1,1,1,1,1,1,1,1,1,1,1,1,1,1,1,1,1,1,1,1,1,1,1,1,1,1,1,5,2,1,1,1,2,2,4,3,3,1
"3063",24259,"5","2",26,4,1,2,1,1,1,1,1,1,3,1,1,1,1,1,2,2,1,2,1,2,3,3,2,1,1,1,1,1,1,1,1,1,1,1,1,1,1,2,1,1,1,2,1,1,1,1,1,1,1,1,1,1,1,1,1,1,1,1,1,1,1,1,1,1,1,1,1,2,1,1,4,1,1,3,1,1,1,1,4,1,1,1
"3070",24300,"13","1",22,3,1,1,1,1,1,1,1,1,1,1,1,3,3,1,1,1,1,2,1,1,1,1,1,1,1,1,1,1,1,1,1,1,1,1,1,1,1,1,1,1,2,1,3,1,1,3,1,2,1,1,1,3,1,1,1,1,1,1,1,1,3,1,1,1,1,1,3,1,1,1,3,1,1,1,1,1,1,1,1,1,1,1
"3076",24334,"5","1",24,1,1,1,1,1,1,1,1,1,1,1,1,1,1,1,1,1,1,1,1,1,1,1,1,1,1,1,1,1,1,1,1,1,1,1,1,1,1,1,1,1,1,1,1,1,1,1,1,1,1,1,1,1,1,1,1,1,1,1,1,1,1,1,1,1,1,1,1,1,1,1,1,4,1,3,5,1,1,1,1,1,5,1
"3082",24372,"7","2",29,1,1,1,1,1,1,1,1,1,1,1,1,1,1,1,1,1,3,3,1,1,3,1,1,1,1,1,1,1,1,1,1,1,1,1,1,1,1,1,1,1,1,3,2,2,1,1,3,3,1,1,1,1,4,1,1,1,1,1,1,1,1,1,1,5,1,1,1,1,1,1,4,3,1,3,2,2,2,1,1,1,2,2
"3091",24424,"5","1",33,2,1,1,2,1,1,1,1,1,1,1,1,1,1,1,1,1,1,2,1,1,3,2,2,1,1,1,1,1,1,1,1,1,1,1,1,1,1,2,2,1,1,3,1,2,1,1,1,2,1,1,1,1,2,2,1,1,2,1,1,1,2,1,1,4,1,1,3,1,2,2,2,1,1,1,1,1,2,1,1,1,2,2
"3107",24524,"7","2",28,1,1,1,1,1,1,1,1,1,1,1,1,1,1,1,1,1,1,1,1,1,1,1,1,1,1,1,1,1,1,1,1,1,1,1,1,1,1,1,1,1,1,1,1,2,1,1,1,1,1,1,1,1,1,1,1,1,1,1,1,1,1,1,1,5,1,1,1,1,1,1,1,3,1,3,1,1,1,1,1,1,1,1
"3118",24647,"8","1",41,1,1,1,1,1,1,1,1,1,1,1,1,3,1,1,1,1,1,1,1,1,3,3,3,1,1,1,1,1,2,1,1,1,1,1,1,2,1,1,1,1,1,3,3,1,1,1,1,1,1,1,1,1,1,1,1,1,1,1,1,1,1,1,1,1,1,1,1,1,1,1,1,1,1,1,1,1,1,1,1,1,1,1
"3169",25183,"12","1",26,2,1,1,1,1,1,1,1,1,1,1,1,1,1,1,1,4,1,1,1,1,3,1,2,1,1,1,1,1,3,1,1,1,1,1,1,1,1,2,1,1,2,2,1,1,1,1,1,1,1,1,1,1,1,2,1,1,1,1,2,1,2,2,4,1,1,2,1,1,1,2,3,3,1,1,1,1,1,1,1,1,1,1
"3218",25630,"13","1",18,1,1,1,1,1,1,1,1,1,1,1,1,1,1,1,1,1,1,2,1,1,3,1,1,1,1,1,1,1,1,1,1,1,1,1,1,1,1,1,1,1,1,1,1,1,1,1,1,2,1,1,1,1,1,1,1,1,1,1,1,1,1,1,1,1,1,1,1,1,1,1,1,1,1,1,1,1,1,1,4,3,1,1
"3226",25669,"9","1",19,1,1,1,1,1,1,1,1,1,1,1,1,1,1,1,1,1,2,2,1,1,2,1,1,1,1,1,1,1,1,1,1,1,1,1,1,1,1,1,1,1,1,2,1,1,1,2,2,2,1,1,1,1,1,2,1,1,2,1,1,1,1,1,1,1,1,1,1,1,1,1,1,1,1,1,2,1,1,1,1,1,1,1
"3253",25909,"13","2",30,3,1,1,2,1,1,1,1,1,1,1,1,1,1,1,1,1,1,2,1,1,3,1,1,1,1,1,1,1,3,1,1,1,1,1,1,1,2,3,2,1,1,3,1,2,1,1,1,1,1,1,1,1,1,1,1,1,2,1,1,1,1,1,1,1,5,1,5,1,1,1,5,1,1,1,5,5,1,1,5,5,1,1
"3255",26931,"8","2",35,2,1,1,1,1,1,1,1,1,1,1,1,1,1,1,1,1,1,1,1,1,1,1,1,1,2,1,1,1,1,1,1,1,1,1,1,1,1,1,1,1,1,1,1,1,1,1,1,1,1,1,1,1,1,1,1,1,1,1,1,1,1,1,1,1,1,1,1,1,1,1,2,1,1,1,1,1,1,1,1,1,1,1
"3256",25958,"5","2",29,2,1,1,1,1,1,1,1,1,1,1,1,1,1,1,1,1,1,1,1,1,1,1,1,1,1,1,1,1,1,1,1,1,1,1,1,1,1,2,2,1,1,1,1,1,1,1,1,2,1,1,1,1,1,1,1,1,1,1,1,1,1,1,1,1,1,1,1,1,1,1,1,1,1,1,1,1,1,1,1,1,1,1
"3309",26514,"13","2",26,2,1,1,1,1,1,1,1,1,1,1,1,2,1,1,1,1,1,2,1,1,3,1,1,1,1,1,1,1,1,1,1,1,1,1,1,1,1,2,1,1,1,3,3,2,1,1,1,1,1,1,1,1,1,1,1,1,2,1,1,1,1,1,1,1,1,1,1,1,1,1,3,5,3,3,3,1,3,3,3,3,3,3
"3355",27056,"8","2",29,5,2,2,3,1,2,1,1,1,1,2,1,2,3,2,2,5,3,4,2,2,3,3,4,1,1,2,1,2,3,2,1,1,1,1,1,1,3,4,3,2,3,2,2,2,2,3,4,4,4,1,1,4,3,3,4,2,4,4,2,3,3,5,5,4,3,5,1,3,2,2,4,5,5,4,5,5,5,4,5,5,4,4
"3372",27273,"8","2",29,4,1,1,1,1,1,1,1,1,1,1,1,1,1,1,1,1,1,1,1,1,2,1,1,1,1,1,1,1,1,1,1,1,1,1,1,1,1,1,1,1,1,2,1,1,1,1,1,1,1,1,1,1,1,1,1,1,1,1,1,1,1,1,1,1,1,1,1,1,1,1,3,1,1,1,1,1,1,1,1,1,1,1
"3407",27638,"13","1",34,1,2,1,1,1,1,1,1,1,1,1,1,1,1,1,1,1,1,1,1,2,2,1,1,1,1,1,1,1,1,1,1,1,1,1,1,1,1,1,1,1,2,2,1,1,1,1,1,1,1,1,1,1,2,2,1,1,1,1,1,1,3,1,1,2,1,1,1,1,1,1,2,3,1,3,2,2,4,1,1,4,1,1
"3442",27917,"10","1",18,1,1,1,2,1,1,1,1,1,1,1,1,1,1,1,1,1,1,1,1,1,1,1,1,1,1,1,1,1,1,1,1,1,1,1,1,1,1,1,1,1,1,3,1,1,1,1,1,1,1,1,1,1,1,1,1,1,2,1,1,1,1,1,1,1,1,1,1,1,1,1,3,3,3,3,3,1,3,3,3,1,1,1
"3469",28124,"11","1",34,3,1,1,1,1,1,1,1,1,1,1,1,1,1,1,1,1,1,1,1,1,2,2,2,1,1,1,1,1,2,1,1,1,1,1,1,1,1,1,1,1,1,2,1,1,1,1,2,2,1,2,2,1,2,2,2,2,1,1,1,2,2,1,1,1,1,1,1,1,1,1,2,2,2,2,3,1,1,1,3,4,3,3
"3481",28243,"9","1",19,1,1,1,1,1,1,1,1,1,1,1,1,1,1,1,1,1,1,3,1,1,2,1,1,2,1,1,1,1,2,1,1,1,1,1,1,1,1,1,1,1,1,3,1,3,1,1,1,2,1,1,1,1,3,1,1,1,1,1,1,1,1,2,1,1,1,1,1,1,1,1,3,4,2,3,3,2,2,2,1,4,2,1
"3485",28289,"3","2",48,4,1,1,1,1,1,1,1,1,1,1,1,3,1,1,1,1,3,3,1,1,4,1,1,1,1,1,1,1,1,1,1,1,1,1,1,1,1,1,4,1,1,4,3,2,1,2,5,3,1,1,1,1,1,1,2,2,1,1,1,1,1,1,1,1,5,1,1,1,1,1,5,1,1,1,1,1,1,1,1,1,1,1
"3489",28331,"13","1",25,1,1,1,2,1,1,1,1,1,1,1,1,1,1,1,1,1,1,1,1,1,1,1,1,1,1,1,1,1,1,1,1,1,1,1,1,1,1,1,1,1,1,1,1,2,1,1,1,1,1,1,1,1,1,3,1,1,2,2,1,1,1,1,1,1,1,1,1,1,1,1,1,1,1,1,2,1,1,2,1,1,1,2
"3511",28599,"13","1",70,3,2,1,1,1,1,1,1,1,1,1,3,1,1,1,1,1,2,2,1,1,4,2,1,1,1,1,1,2,2,1,2,2,2,1,1,1,1,1,2,1,2,4,1,2,1,1,2,2,1,1,1,1,1,2,1,1,1,1,1,2,1,1,1,1,1,1,1,1,1,1,1,1,1,1,2,1,1,1,2,2,1,1
"3512",28604,"13","2",26,3,1,1,1,1,1,1,1,1,1,1,1,5,1,1,1,1,1,1,1,1,1,1,1,1,1,1,1,1,1,1,1,1,1,1,1,1,1,1,1,1,1,1,5,1,1,1,2,2,1,1,1,1,1,1,1,1,1,1,1,1,1,1,1,1,1,1,1,1,1,1,3,3,3,3,3,3,3,3,3,4,4,2
"3581",29249,"13","1",30,1,1,1,1,1,1,1,1,1,1,1,1,1,1,1,1,1,1,1,1,1,2,1,1,1,1,1,1,1,4,1,1,1,1,1,1,1,1,1,1,1,1,2,1,1,1,1,1,1,1,1,1,1,1,1,1,1,1,1,1,1,1,1,1,1,1,1,1,3,1,1,1,1,1,3,3,1,1,1,1,4,1,1
"3607",29643,"5","1",24,1,1,1,1,1,1,1,1,1,1,1,1,2,1,1,1,1,3,3,1,1,2,1,1,1,1,1,1,1,1,1,1,1,1,1,1,1,1,1,1,1,1,3,3,3,1,1,3,3,1,1,1,1,2,1,1,1,1,1,1,1,1,1,1,1,1,1,1,1,1,1,1,1,1,1,1,1,1,1,1,1,1,1
"3611",29552,"13","1",22,1,1,1,1,1,1,1,1,1,1,1,1,1,1,1,1,1,1,1,1,1,1,1,1,1,1,1,1,1,1,1,1,1,1,1,1,1,1,1,1,1,1,1,1,1,1,1,1,1,1,1,1,1,1,1,1,1,1,1,1,1,1,1,1,1,1,1,1,1,1,1,3,3,3,3,3,3,3,3,3,3,3,3
"3616",29585,"8","1",19,1,1,1,1,1,1,1,1,1,1,1,1,1,1,1,1,1,1,1,1,1,1,1,1,2,1,1,1,1,1,1,1,1,1,1,1,1,1,1,1,2,2,2,1,1,2,1,2,2,1,1,1,1,2,2,1,1,1,1,1,1,1,1,1,1,1,1,1,1,1,1,3,1,2,1,1,1,1,1,1,1,1,1
"3658",29936,"5","2",39,1,1,3,2,1,1,1,1,1,1,1,1,3,3,1,1,1,1,2,1,1,3,1,1,1,1,1,3,3,4,2,1,1,1,1,1,1,1,1,1,1,1,3,3,3,3,3,1,2,1,1,1,1,2,2,1,1,2,2,1,1,1,1,1,1,1,1,1,1,2,1,1,2,3,4,2,1,1,1,4,3,3,2
"3721",31310,"9","2",26,1,1,2,1,1,1,1,1,1,1,1,1,1,1,1,1,1,1,1,1,1,1,1,1,1,2,1,1,1,2,1,1,1,1,1,1,1,1,1,1,1,1,1,1,1,1,1,1,1,1,1,1,1,1,1,1,1,1,1,1,1,1,1,1,1,1,1,1,1,1,1,2,1,1,1,1,1,1,1,1,1,1,1
"3732",30713,"8","2",21,3,1,1,2,1,1,1,1,1,1,1,1,1,3,1,1,1,1,2,1,1,2,1,1,2,2,1,1,2,3,1,1,1,1,1,1,1,1,2,1,1,2,2,1,2,3,3,1,2,1,3,1,1,2,2,2,1,2,1,1,1,2,1,1,2,1,1,1,1,1,1,2,1,1,1,2,1,1,1,1,1,1,1
"3762",31059,"13","1",19,1,1,1,1,1,1,1,1,1,1,1,1,1,1,1,1,1,1,1,1,1,1,1,1,1,1,1,1,1,1,1,1,1,1,1,1,1,1,1,1,1,1,1,1,1,1,1,3,1,1,1,1,1,1,1,1,1,1,1,1,1,1,1,1,1,1,1,1,1,1,1,1,1,1,1,1,1,1,1,1,1,1,1
"3767",31079,"8","1",23,1,1,1,1,1,1,1,1,1,1,1,1,1,1,1,1,1,1,1,1,1,1,1,1,1,1,1,1,1,1,1,1,1,1,1,1,1,1,1,1,1,1,1,1,1,1,1,1,1,1,1,1,1,1,1,1,1,1,1,1,1,1,1,1,1,1,1,1,1,1,1,1,1,1,1,1,1,1,1,1,1,1,1
"3797",41892,"5","1",22,1,1,1,1,1,1,1,1,1,1,1,1,1,1,1,1,1,2,2,1,1,1,1,1,1,1,1,1,1,1,1,1,1,1,1,1,1,1,1,1,1,1,1,1,1,1,1,2,2,1,1,1,1,1,1,1,1,1,1,1,1,1,1,1,1,1,1,1,1,1,1,1,1,1,1,2,1,1,1,1,1,1,1
"3869",40321,"13","2",53,3,1,1,1,1,1,1,1,1,1,1,1,1,1,1,1,1,1,1,1,1,3,1,1,1,1,1,1,1,1,1,1,1,1,1,1,1,1,1,1,1,1,1,1,1,1,1,1,1,1,1,1,1,1,1,1,1,1,1,1,1,1,1,1,1,1,1,1,1,1,1,1,1,1,1,1,1,1,1,1,1,1,1
"3877",32230,"9","2",23,1,1,1,1,1,1,1,1,1,1,1,1,1,1,1,1,1,1,1,1,1,1,1,1,1,1,1,1,1,1,1,1,1,1,1,1,1,1,1,1,1,1,4,1,1,1,1,1,1,1,1,1,1,2,1,1,1,1,1,1,1,1,1,1,3,1,1,1,1,1,1,2,1,1,1,1,1,1,1,1,1,1,1
"3885",32307,"8","1",24,2,1,1,1,1,1,1,1,1,1,1,1,1,2,1,1,1,1,3,1,3,1,1,1,1,1,1,1,1,1,1,1,1,1,1,1,1,1,2,1,1,1,1,1,3,2,1,1,3,1,1,1,1,1,3,1,1,2,1,1,1,1,1,1,1,1,1,1,1,1,1,2,4,5,3,5,2,3,1,3,3,4,4
"3947",32988,"5","1",24,3,1,1,1,1,1,1,1,1,1,1,1,1,1,1,1,1,1,1,1,1,1,1,1,1,1,1,1,1,1,1,1,1,1,1,1,1,1,3,1,1,1,1,1,1,1,1,1,1,1,1,1,1,1,1,1,1,1,1,1,1,1,1,1,1,1,1,1,1,1,1,1,1,1,1,1,1,1,1,1,1,1,1
"4003",33545,"5","2",19,2,1,1,3,3,2,4,1,4,3,2,1,4,1,2,1,2,4,4,2,3,3,2,3,1,1,3,1,1,1,2,1,1,2,3,1,1,3,1,1,1,1,2,3,3,1,2,4,3,3,1,1,1,2,3,2,1,3,2,2,1,1,2,2,1,1,1,3,1,1,1,2,1,1,1,1,1,1,1,4,4,1,2
"4006",33573,"13","2",21,3,1,1,1,1,1,1,1,1,1,1,1,1,1,1,1,1,1,1,1,1,1,1,1,1,1,1,1,1,1,1,1,1,1,1,1,1,1,1,1,1,1,1,1,1,1,1,1,1,1,1,1,1,1,1,1,1,1,1,1,1,1,1,1,1,1,1,1,1,1,1,2,1,1,1,3,1,1,1,1,1,1,1
"4176",35150,"13","2",23,1,1,1,1,1,1,1,1,1,1,1,1,1,1,1,1,1,1,1,1,1,1,1,1,1,1,1,1,1,1,1,1,1,1,1,1,1,1,1,1,1,1,1,1,1,1,1,1,1,1,1,1,1,1,1,1,1,1,1,1,1,1,1,1,1,1,1,1,1,1,1,1,1,1,1,1,1,1,1,1,1,1,1
"4264",35895,"7","1",22,4,1,1,1,1,1,1,1,1,1,1,1,1,1,1,1,1,1,3,1,1,4,1,1,1,3,2,1,3,4,2,1,1,1,1,1,1,1,1,1,1,1,4,1,2,1,1,1,2,1,1,1,1,1,1,1,1,1,1,1,2,1,1,1,1,1,1,3,1,1,1,1,1,1,1,1,1,1,1,2,2,1,1
"4269",35977,"5","2",30,3,1,1,1,1,1,1,1,1,1,1,1,1,1,1,1,1,1,1,1,1,1,1,1,1,1,1,1,1,1,1,1,1,1,1,1,1,1,2,2,1,1,1,1,1,1,1,1,1,1,1,1,1,1,1,1,1,1,1,1,1,1,1,1,1,1,1,1,1,1,1,5,4,1,3,4,1,1,1,2,1,1,1
"4303",36328,"13","1",22,1,1,1,1,1,1,1,1,1,1,1,1,1,1,1,1,1,1,1,1,1,1,1,1,1,1,1,1,1,1,1,1,1,1,1,1,1,1,1,1,1,1,1,1,1,1,1,1,1,1,1,1,1,1,1,1,1,1,1,1,1,1,1,1,1,1,1,1,1,1,1,3,3,3,3,3,3,3,3,3,3,3,3
"4336",36627,"13","2",25,1,1,1,1,1,1,1,1,1,1,1,1,1,1,1,1,1,1,1,1,1,1,1,1,1,1,1,1,1,1,1,1,1,1,1,1,1,1,1,1,1,1,1,1,1,1,1,1,1,1,1,1,1,2,1,1,1,1,1,1,1,1,1,1,1,1,1,1,1,1,1,2,2,1,3,5,1,1,1,1,1,1,1
"4360",36895,"13","1",31,1,1,1,1,1,1,1,1,1,1,1,1,1,1,1,1,1,1,1,1,1,1,1,1,1,1,1,1,1,1,1,1,1,1,1,1,1,1,1,1,1,1,1,1,1,1,1,1,2,1,1,1,1,1,2,1,1,1,1,1,1,1,1,1,1,1,1,1,1,1,1,5,5,5,5,5,1,1,1,3,3,1,1
"4425",37553,"7","2",22,1,1,1,1,1,1,1,1,1,1,1,1,1,1,1,1,1,1,1,1,1,1,1,1,1,1,1,1,1,1,1,1,1,1,1,1,1,1,1,1,1,1,1,1,1,1,1,1,1,1,1,1,1,1,1,1,1,1,1,1,1,1,1,1,1,1,1,1,1,1,1,3,1,1,3,1,1,1,1,2,2,1,1
"4431",43122,"13","1",19,1,1,1,1,1,1,1,1,1,1,1,1,1,1,1,1,1,1,1,1,1,1,1,1,1,1,1,1,1,1,1,1,1,1,1,1,1,1,1,1,1,1,1,1,1,1,1,1,1,1,1,1,1,1,1,1,1,1,1,1,1,1,1,1,1,1,1,1,1,1,1,3,3,3,3,3,3,3,3,3,3,3,3
"4445",37744,"5","1",35,2,1,1,1,1,1,1,1,1,1,1,1,1,1,1,1,1,1,1,1,1,2,1,1,1,1,1,1,1,1,1,1,1,1,1,1,1,1,2,1,1,1,2,1,1,1,1,1,1,1,1,1,1,1,1,1,1,2,1,1,1,1,1,1,1,1,1,1,1,1,1,1,1,1,1,1,1,1,1,1,1,1,1
"4489",41749,"13","1",31,1,1,2,1,1,1,1,1,1,1,1,1,1,1,1,1,1,1,1,1,1,1,1,1,1,1,1,1,1,1,1,1,1,1,1,1,1,1,1,1,1,1,1,1,1,1,1,1,1,1,1,1,1,1,1,1,1,1,1,1,1,1,1,1,1,1,1,3,3,1,1,1,3,5,3,5,1,1,1,5,5,2,1
"4499",38404,"5","1",31,3,1,1,1,1,1,1,1,1,1,1,1,3,3,1,1,1,1,1,1,1,2,4,4,1,1,1,1,1,1,1,1,1,1,1,1,1,1,2,1,1,1,1,1,1,1,1,1,1,1,1,1,1,1,1,1,1,1,1,1,1,1,1,1,1,1,1,1,1,1,1,5,4,2,5,2,5,4,2,5,2,2,2
"4502",38448,"11","2",22,1,1,1,1,1,1,1,1,1,1,1,1,1,1,1,1,1,1,1,1,1,1,1,1,1,1,1,1,1,1,1,1,1,1,1,1,1,1,1,1,1,1,1,1,1,1,1,1,1,1,1,1,1,1,1,1,1,1,1,1,1,1,1,1,1,1,1,1,1,1,1,1,1,1,1,1,1,1,1,1,1,1,1
"4563",39022,"7","2",19,1,1,1,1,1,1,1,1,1,1,1,1,2,1,1,1,1,1,2,1,1,1,1,1,1,1,1,1,1,1,1,1,1,1,1,1,1,1,1,1,1,1,2,2,1,1,1,1,2,1,1,1,1,1,1,1,1,1,1,1,1,1,1,1,1,1,1,1,1,1,1,3,2,2,3,1,1,1,1,2,2,1,1
"4606",39551,"15","1",27,3,1,1,2,1,1,1,1,1,1,1,1,1,1,1,1,1,2,3,1,1,3,1,1,1,1,1,1,1,3,1,1,1,1,1,1,1,1,3,1,1,1,3,1,2,1,1,2,3,1,1,1,1,2,1,1,1,2,1,1,1,1,1,1,1,1,1,1,1,1,1,3,3,1,3,1,1,1,1,1,1,1,1
"4613",39654,"13","2",24,2,1,1,1,1,1,1,1,1,1,1,1,2,3,1,1,1,3,3,1,1,3,1,1,1,1,1,1,1,1,1,1,1,1,1,1,1,1,2,1,1,1,3,3,3,3,3,3,3,1,1,1,2,3,3,1,1,1,1,2,1,1,2,1,1,1,1,3,4,1,1,2,2,1,1,2,1,1,1,2,1,1,1
"4697",40746,"13","2",31,2,2,1,1,1,1,1,1,1,1,1,1,2,1,1,1,1,1,1,1,1,2,1,1,1,1,1,1,1,1,1,1,1,1,1,1,1,1,1,1,1,1,2,1,1,1,1,1,1,1,1,1,1,1,1,1,1,1,1,1,1,1,1,1,1,1,1,1,1,1,1,3,3,3,3,3,3,3,3,3,3,3,3
"4705",40832,"8","2",18,1,1,1,1,1,1,1,1,1,1,1,1,1,1,1,1,1,1,1,1,1,1,1,1,1,1,1,1,1,1,1,1,1,1,1,1,1,1,1,1,1,1,1,1,1,1,1,1,1,1,1,1,1,1,1,1,1,1,1,1,1,1,1,1,1,1,1,1,1,1,1,1,1,1,1,1,1,1,1,1,1,1,1
"4725",41027,"5","2",25,2,1,1,2,1,1,1,1,1,1,1,1,2,1,1,1,1,2,2,1,1,2,2,2,1,1,1,1,1,1,1,1,1,1,1,1,1,1,1,1,1,1,1,2,2,1,1,2,2,1,1,1,1,1,1,1,1,2,1,1,1,1,1,1,1,1,1,1,1,1,1,1,1,1,1,1,1,1,1,1,1,1,1
"4730",41105,"13","2",31,1,1,1,1,1,1,1,1,1,1,1,1,1,1,1,1,1,2,2,1,1,1,1,1,1,1,1,1,1,1,1,1,1,1,1,1,1,1,1,1,1,1,2,1,2,1,1,2,2,1,3,3,1,2,2,1,1,1,1,1,1,1,1,1,1,1,1,1,1,1,1,4,2,1,3,5,1,4,1,4,5,1,1
"4731",41116,"5","1",35,1,1,2,3,1,1,1,1,3,4,4,1,3,1,3,3,3,1,3,1,3,5,4,4,1,3,1,1,2,2,1,1,1,1,1,1,1,1,1,1,1,1,4,3,3,3,2,1,3,3,1,1,1,2,3,1,1,3,1,1,1,1,1,1,1,1,1,1,1,1,1,4,3,1,1,4,1,2,2,1,3,5,1
"4740",41176,"13","1",27,1,1,1,2,1,1,1,1,1,1,1,1,1,2,1,1,1,1,2,1,1,2,3,2,1,1,1,1,1,1,1,1,1,1,1,1,1,1,1,1,1,1,2,1,1,1,2,1,2,1,1,1,1,2,3,1,1,2,1,1,1,1,1,1,1,1,1,1,1,3,2,2,1,1,3,1,1,1,1,2,5,1,1
"4762",41442,"7","1",27,4,1,1,1,1,1,1,1,1,1,1,1,1,1,1,1,3,2,3,1,1,2,1,1,1,1,1,1,1,1,1,1,1,1,1,1,1,1,3,1,1,1,2,1,2,1,1,2,3,1,3,3,4,1,2,1,1,1,1,1,1,1,2,3,1,1,1,1,1,1,1,3,2,1,3,4,4,1,1,3,4,2,1
"4790",42594,"13","2",42,3,1,1,1,1,1,1,1,1,1,1,1,1,3,1,1,2,4,4,1,1,3,1,1,1,1,1,1,1,2,1,1,1,1,1,1,1,1,2,2,1,1,3,1,3,3,1,4,4,1,1,1,1,2,2,1,1,1,1,1,1,1,2,3,2,1,1,1,3,1,1,1,5,1,3,5,3,1,1,5,5,1,1
"4809",41976,"13","2",34,2,1,4,2,4,1,1,4,4,2,2,1,5,1,3,1,1,3,4,1,2,5,1,1,4,3,3,3,4,5,3,1,1,4,1,3,4,1,1,1,1,1,5,5,4,1,1,3,4,1,1,1,1,3,2,1,1,2,1,1,3,3,1,1,1,1,1,1,3,1,1,2,1,1,1,4,1,1,1,1,1,2,1
"4829",42082,"5","1",23,1,1,1,1,1,1,1,1,1,1,1,1,1,2,1,1,1,1,1,1,1,1,1,1,1,1,1,1,1,1,1,1,1,1,1,1,1,1,1,1,1,1,1,1,1,1,1,1,1,1,1,1,1,1,1,1,1,1,1,1,1,1,1,1,1,1,1,1,1,1,1,1,1,1,1,1,1,1,1,1,1,1,1
"4832",42110,"15","1",25,1,1,1,1,1,1,1,1,1,1,1,1,1,1,1,1,1,1,1,1,1,1,1,1,1,1,1,1,1,1,1,1,1,1,1,1,1,1,1,1,1,1,1,1,1,1,1,1,1,1,1,1,1,1,1,1,1,1,1,1,1,1,1,1,1,1,1,1,1,1,1,1,1,1,1,1,1,1,1,1,1,1,1
"4861",42273,"13","2",19,1,1,1,3,1,1,1,1,1,1,1,1,3,1,1,1,1,4,4,1,1,1,1,1,1,1,1,1,1,2,1,1,1,1,1,1,1,1,1,1,1,1,1,1,2,1,1,3,2,2,1,1,2,1,1,1,1,2,1,1,1,2,1,1,1,1,1,1,1,1,1,1,1,1,1,1,1,4,1,4,1,1,1
"4895",42454,"13","1",23,3,4,4,5,2,3,3,3,2,3,2,1,4,1,2,3,2,3,4,2,2,2,3,3,1,2,1,1,2,4,2,1,1,1,1,1,2,3,2,2,3,3,3,5,5,2,1,3,5,3,3,5,2,5,4,1,1,5,4,4,4,1,5,4,5,4,3,2,2,2,2,5,4,2,1,5,2,1,1,2,4,2,2
"4899",42471,"13","2",25,1,2,2,1,1,1,1,1,1,1,1,1,1,1,1,1,1,2,2,1,1,2,1,1,1,1,1,1,1,3,1,1,1,1,1,1,1,1,1,1,1,2,1,2,1,1,1,1,3,1,1,2,1,1,1,1,1,1,1,1,2,1,1,1,1,1,2,1,3,1,1,4,3,2,3,4,4,3,3,4,3,3,3
"4922",42593,"13","1",32,3,1,1,1,1,1,1,1,1,1,1,1,1,1,1,1,1,2,1,1,1,1,1,1,1,1,1,1,1,1,1,1,1,1,1,1,1,1,1,1,1,1,1,1,1,1,1,1,1,1,1,1,1,1,1,1,1,1,1,1,1,1,1,1,1,1,1,1,1,1,1,1,1,1,1,1,1,1,1,1,1,1,1
"4955",42935,"5","1",28,4,1,1,1,1,1,1,1,1,1,1,1,1,1,1,1,1,1,1,1,1,1,1,1,1,1,1,1,1,1,1,1,1,1,1,1,1,1,4,4,1,1,2,1,1,1,1,1,1,1,1,1,1,1,1,1,1,1,1,1,1,1,1,1,1,1,1,1,1,1,1,1,1,1,1,1,1,1,1,1,1,1,1
